id;username;password;email;created_at;updated_at
1;daintily;what;Kari.Ortiz@hotmail.com;2024-07-05T17:07:16;2024-07-06T05:31:55
2;academics boohoo eliminate;outside;Norris71@yahoo.com;2024-07-05T14:44:24;2024-07-06T01:19:07
3;dress;whose certainly er;Milton_Brekke@gmail.com;2024-07-06T01:14:38;2024-07-06T02:12:06
4;husky;huzzah gah beetle;Eloisa.Stehr24@gmail.com;2024-07-06T06:41:58;2024-07-06T06:41:39
5;masterpiece thirst knavishly;including sanction;Korbin_Williamson63@gmail.com;2024-07-06T08:57:23;2024-07-06T00:30:43
6;single boohoo frightening;and canvas under;Ericka.Klocko72@yahoo.com;2024-07-05T23:45:34;2024-07-05T11:38:31
7;meal;severe unbalance afore;Mandy_Kovacek@yahoo.com;2024-07-06T01:25:27;2024-07-05T16:49:13
8;finally;toward inside;Grace.OConnell76@gmail.com;2024-07-05T10:03:47;2024-07-06T01:36:14
9;finally destabilise;indeed bah;Evan_Murazik@hotmail.com;2024-07-06T00:22:20;2024-07-05T11:14:42
10;because atop;boxspring however;Rashawn.Durgan@gmail.com;2024-07-05T19:28:51;2024-07-06T09:19:15
