id;name;category;location;created_at;updated_at
1;after drat though;immigrant tie;rule among regarding;2024-07-06T07:32:05;2024-07-05T18:00:53
2;pfft caucus;via deem when;sink;2024-07-06T03:49:11;2024-07-06T00:40:45
3;amid;wicked colorfully;fond strew catalysis;2024-07-06T03:23:16;2024-07-06T03:02:06
4;instantly save;minute very complexity;that above dearest;2024-07-06T06:52:24;2024-07-06T08:03:28
5;incubate;timbale gorgeous until;until;2024-07-06T04:28:37;2024-07-06T04:13:09
6;ah title vice;inflict aha;incidentally unrealistic;2024-07-05T21:08:51;2024-07-06T06:09:53
7;boohoo;klutzy very;stimulating;2024-07-05T12:27:10;2024-07-06T09:07:15
8;transaction;deep;finally though;2024-07-06T01:42:50;2024-07-06T00:54:30
9;faithfully;alarmed;psst helpfully;2024-07-05T23:58:07;2024-07-06T06:33:35
10;yuck stammer;postage envious supposing;via forward boohoo;2024-07-06T02:21:13;2024-07-05T13:20:37
